n,model_name,candidate,smoothing_method,k,selected,selected_candidate,selected_method,selected_k,validation_event_count,validation_body_token_count,validation_unknown_token_count,validation_unknown_token_rate,validation_zero_probability_event_count,validation_zero_probability_event_rate,validation_ngram_coverage,validation_negative_log_likelihood,validation_cross_entropy,validation_perplexity,test_event_count,test_body_token_count,test_unknown_token_count,test_unknown_token_rate,test_zero_probability_event_count,test_zero_probability_event_rate,test_ngram_coverage,test_negative_log_likelihood,test_cross_entropy,test_perplexity,training_paragraph_count,training_body_token_count,training_event_count,vocabulary_size,unique_ngram_count,unique_context_count,model_artifact_size_bytes,timing_vocabulary_scan_seconds,timing_ngram_counting_seconds,timing_validation_evaluation_seconds,timing_test_evaluation_seconds,timing_model_artifact_save_seconds,timing_measured_total_seconds
1,unigram,add_k:1.0,add_k,1.0,False,add_k:0.0001,add_k,0.0001,746898,734379,14993,0.02041588879856314,0,0.0,1.0,5558421.275655245,7.442008514757363,1706.1736569578254,790563,777711,15313,0.019689833369979336,0,0.0,1.0,5861323.870327209,7.414113575170112,1659.2377268122023,98511,5774785,5873296,70734,70734,1,1509371,3.557988699998532,47.84292409999762,7.930431299999327,8.070547599996644,0.6687926999984484,68.07078099999853
1,unigram,add_k:0.1,add_k,0.1,False,add_k:0.0001,add_k,0.0001,746898,734379,14993,0.02041588879856314,0,0.0,1.0,5556767.897136324,7.43979485436609,1702.4009452046873,790563,777711,15313,0.019689833369979336,0,0.0,1.0,5859359.372140497,7.411628639514494,1655.1197464008883,98511,5774785,5873296,70734,70734,1,1509371,3.557988699998532,47.84292409999762,7.930431299999327,8.070547599996644,0.6687926999984484,68.07078099999853
1,unigram,add_k:0.01,add_k,0.01,False,add_k:0.0001,add_k,0.0001,746898,734379,14993,0.02041588879856314,0,0.0,1.0,5556657.348935157,7.439646844596125,1702.148991878637,790563,777711,15313,0.019689833369979336,0,0.0,1.0,5859218.985344656,7.411451061262234,1654.8258592237992,98511,5774785,5873296,70734,70734,1,1509371,3.557988699998532,47.84292409999762,7.930431299999327,8.070547599996644,0.6687926999984484,68.07078099999853
1,unigram,add_k:0.001,add_k,0.001,False,add_k:0.0001,add_k,0.0001,746898,734379,14993,0.02041588879856314,0,0.0,1.0,5556646.975649836,7.439632956106236,1702.125351763737,790563,777711,15313,0.019689833369979336,0,0.0,1.0,5859205.645065944,7.411434186859167,1654.7979352608459,98511,5774785,5873296,70734,70734,1,1509371,3.557988699998532,47.84292409999762,7.930431299999327,8.070547599996644,0.6687926999984484,68.07078099999853
1,unigram,add_k:0.0001,add_k,0.0001,True,add_k:0.0001,add_k,0.0001,746898,734379,14993,0.02041588879856314,0,0.0,1.0,5556645.945319572,7.439631576627026,1702.1230037188195,790563,777711,15313,0.019689833369979336,0,0.0,1.0,5859204.318212071,7.411432508493404,1654.7951579069777,98511,5774785,5873296,70734,70734,1,1509371,3.557988699998532,47.84292409999762,7.930431299999327,8.070547599996644,0.6687926999984484,68.07078099999853
1,unigram,good_turing,good_turing,,False,add_k:0.0001,add_k,0.0001,746898,734379,14993,0.02041588879856314,0,0.0,1.0,5616733.748170389,7.520081387512604,1844.7174249064851,790563,777711,15313,0.019689833369979336,0,0.0,1.0,5922723.667860198,7.491779488617856,1793.2403050196924,98511,5774785,5873296,70734,70734,1,1509371,3.557988699998532,47.84292409999762,7.930431299999327,8.070547599996644,0.6687926999984484,68.07078099999853
1,unigram,katz,katz,,False,add_k:0.0001,add_k,0.0001,746898,734379,14993,0.02041588879856314,0,0.0,1.0,5556657.348935157,7.439646844596125,1702.148991878637,790563,777711,15313,0.019689833369979336,0,0.0,1.0,5859218.985344656,7.411451061262234,1654.8258592237992,98511,5774785,5873296,70734,70734,1,1509371,3.557988699998532,47.84292409999762,7.930431299999327,8.070547599996644,0.6687926999984484,68.07078099999853
1,unigram,mle_baseline,mle,,False,add_k:0.0001,add_k,0.0001,,,,,,,,,,,790563,777711,15313,0.019689833369979336,0,0.0,1.0,5859204.170878847,7.411432322128467,1654.7948495112098,98511,5774785,5873296,70734,70734,1,1509371,3.557988699998532,47.84292409999762,7.930431299999327,8.070547599996644,0.6687926999984484,68.07078099999853
2,bigram,add_k:1.0,add_k,1.0,False,good_turing,good_turing,,746898,734379,14993,0.02041588879856314,0,0.0,1.0,6144032.209853114,8.226065955261781,3737.1028652417385,790563,777711,15313,0.019689833369979336,0,0.0,1.0,6477660.011345709,8.193730305295984,3618.1940723397215,98511,5774785,5873296,70734,1486224,70734,13947041,3.096705899999506,35.70164260000092,14.537765700002637,21.09328689999893,34.77495679999993,109.20443800000066
2,bigram,add_k:0.1,add_k,0.1,False,good_turing,good_turing,,746898,734379,14993,0.02041588879856314,0,0.0,1.0,5316968.013007025,7.118733766869138,1234.8857897730068,790563,777711,15313,0.019689833369979336,0,0.0,1.0,5592908.388401737,7.074589107258672,1181.5579074803939,98511,5774785,5873296,70734,1486224,70734,13947041,3.096705899999506,35.70164260000092,14.537765700002637,21.09328689999893,34.77495679999993,109.20443800000066
2,bigram,add_k:0.01,add_k,0.01,False,good_turing,good_turing,,746898,734379,14993,0.02041588879856314,0,0.0,1.0,4846109.000344917,6.488314335217014,657.4142486333966,790563,777711,15313,0.019689833369979336,0,0.0,1.0,5088241.8376855515,6.436225623619562,624.0469610430939,98511,5774785,5873296,70734,1486224,70734,13947041,3.096705899999506,35.70164260000092,14.537765700002637,21.09328689999893,34.77495679999993,109.20443800000066
2,bigram,add_k:0.001,add_k,0.001,False,good_turing,good_turing,,746898,734379,14993,0.02041588879856314,0,0.0,1.0,4766000.84383608,6.38105985534314,590.5532771395171,790563,777711,15313,0.019689833369979336,0,0.0,1.0,4998016.970555002,6.322098264850495,556.7399556040799,98511,5774785,5873296,70734,1486224,70734,13947041,3.096705899999506,35.70164260000092,14.537765700002637,21.09328689999893,34.77495679999993,109.20443800000066
2,bigram,add_k:0.0001,add_k,0.0001,False,good_turing,good_turing,,746898,734379,14993,0.02041588879856314,0,0.0,1.0,4929515.392545919,6.599984726891649,735.0839621392361,790563,777711,15313,0.019689833369979336,0,0.0,1.0,5162780.109046714,6.530510672832797,685.748315124664,98511,5774785,5873296,70734,1486224,70734,13947041,3.096705899999506,35.70164260000092,14.537765700002637,21.09328689999893,34.77495679999993,109.20443800000066
2,bigram,good_turing,good_turing,,True,good_turing,good_turing,,746898,734379,14993,0.02041588879856314,0,0.0,1.0,4749773.487695942,6.359333520368165,577.8610953735795,790563,777711,15313,0.019689833369979336,0,0.0,1.0,4987742.729102418,6.30910215770586,549.5513168283147,98511,5774785,5873296,70734,1486224,70734,13947041,3.096705899999506,35.70164260000092,14.537765700002637,21.09328689999893,34.77495679999993,109.20443800000066
2,bigram,katz,katz,,False,good_turing,good_turing,,746898,734379,14993,0.02041588879856314,0,0.0,1.0,7447628.300164854,9.971412830352811,21405.706628680906,790563,777711,15313,0.019689833369979336,0,0.0,1.0,7900584.790088344,9.99361820637741,21886.345022356534,98511,5774785,5873296,70734,1486224,70734,13947041,3.096705899999506,35.70164260000092,14.537765700002637,21.09328689999893,34.77495679999993,109.20443800000066
2,bigram,mle_baseline,mle,,False,good_turing,good_turing,,,,,,,,,,,,790563,777711,15313,0.019689833369979336,132206,0.16723018911838777,0.8327698108816122,,,,98511,5774785,5873296,70734,1486224,70734,13947041,3.096705899999506,35.70164260000092,14.537765700002637,21.09328689999893,34.77495679999993,109.20443800000066
3,trigram,add_k:1.0,add_k,1.0,False,good_turing,good_turing,,746898,734379,14993,0.02041588879856314,0,0.0,1.0,7551573.794229938,10.110582427895023,24601.985447092047,790563,777711,15313,0.019689833369979336,0,0.0,1.0,7975254.528031312,10.088069550473918,24054.311948807892,98511,5774785,5873296,70734,3732440,1478343,30349008,3.034530900000391,51.09856059999947,38.254643000000215,89.66126950000034,94.1528690999985,276.2020821999977
3,trigram,add_k:0.1,add_k,0.1,False,good_turing,good_turing,,746898,734379,14993,0.02041588879856314,0,0.0,1.0,6906087.402519953,9.246359479500486,10366.756546069457,790563,777711,15313,0.019689833369979336,0,0.0,1.0,7273591.186973588,9.200520625141309,9902.283094502554,98511,5774785,5873296,70734,3732440,1478343,30349008,3.034530900000391,51.09856059999947,38.254643000000215,89.66126950000034,94.1528690999985,276.2020821999977
3,trigram,add_k:0.01,add_k,0.01,False,good_turing,good_turing,,746898,734379,14993,0.02041588879856314,0,0.0,1.0,6313801.354785275,8.45336492370481,4690.830495542971,790563,777711,15313,0.019689833369979336,0,0.0,1.0,6627023.198115917,8.382662985892228,4370.632375147872,98511,5774785,5873296,70734,3732440,1478343,30349008,3.034530900000391,51.09856059999947,38.254643000000215,89.66126950000034,94.1528690999985,276.2020821999977
3,trigram,add_k:0.001,add_k,0.001,False,good_turing,good_turing,,746898,734379,14993,0.02041588879856314,0,0.0,1.0,5984897.268344375,8.013004812363102,3019.9779601028667,790563,777711,15313,0.019689833369979336,0,0.0,1.0,6263076.178248149,7.922298638120111,2758.1036469445125,98511,5774785,5873296,70734,3732440,1478343,30349008,3.034530900000391,51.09856059999947,38.254643000000215,89.66126950000034,94.1528690999985,276.2020821999977
3,trigram,add_k:0.0001,add_k,0.0001,False,good_turing,good_turing,,746898,734379,14993,0.02041588879856314,0,0.0,1.0,6044858.379015149,8.093284998775133,3272.4198279753728,790563,777711,15313,0.019689833369979336,0,0.0,1.0,6316290.101177618,7.989610064191744,2950.1463674617125,98511,5774785,5873296,70734,3732440,1478343,30349008,3.034530900000391,51.09856059999947,38.254643000000215,89.66126950000034,94.1528690999985,276.2020821999977
3,trigram,good_turing,good_turing,,True,good_turing,good_turing,,746898,734379,14993,0.02041588879856314,0,0.0,1.0,5839423.748686407,7.8182345496793495,2485.513481748022,790563,777711,15313,0.019689833369979336,0,0.0,1.0,6104111.445346337,7.721220757038132,2255.7115762506182,98511,5774785,5873296,70734,3732440,1478343,30349008,3.034530900000391,51.09856059999947,38.254643000000215,89.66126950000034,94.1528690999985,276.2020821999977
3,trigram,katz,katz,,False,good_turing,good_turing,,746898,734379,14993,0.02041588879856314,0,0.0,1.0,6255720.9999403795,8.375602826544426,4339.883687171527,790563,777711,15313,0.019689833369979336,0,0.0,1.0,6582706.194956706,8.326605463393438,4132.366248422589,98511,5774785,5873296,70734,3732440,1478343,30349008,3.034530900000391,51.09856059999947,38.254643000000215,89.66126950000034,94.1528690999985,276.2020821999977
3,trigram,mle_baseline,mle,,False,good_turing,good_turing,,,,,,,,,,,,790563,777711,15313,0.019689833369979336,427246,0.540432577795824,0.459567422204176,,,,98511,5774785,5873296,70734,3732440,1478343,30349008,3.034530900000391,51.09856059999947,38.254643000000215,89.66126950000034,94.1528690999985,276.2020821999977
4,4-gram,add_k:1.0,add_k,1.0,False,katz,katz,,746898,734379,14993,0.02041588879856314,0,0.0,1.0,8032769.197948865,10.754840952779182,46856.309485350175,790563,777711,15313,0.019689833369979336,0,0.0,1.0,8493695.276946165,10.743856311193623,46344.4262934056,98511,5774785,5873296,70734,4912576,3701510,33381501,7.312170699999115,107.45053299999927,80.9768355999986,100.57147239999904,98.78337979999924,395.09454259999984
4,4-gram,add_k:0.1,add_k,0.1,False,katz,katz,,746898,734379,14993,0.02041588879856314,0,0.0,1.0,7745166.533408675,10.369778113488957,31881.40213187667,790563,777711,15313,0.019689833369979336,0,0.0,1.0,8172590.033205407,10.337683439783302,30874.42467607244,98511,5774785,5873296,70734,4912576,3701510,33381501,7.312170699999115,107.45053299999927,80.9768355999986,100.57147239999904,98.78337979999924,395.09454259999984
4,4-gram,add_k:0.01,add_k,0.01,False,katz,katz,,746898,734379,14993,0.02041588879856314,0,0.0,1.0,7440371.78547142,9.961697293969753,21198.745703271212,790563,777711,15313,0.019689833369979336,0,0.0,1.0,7829994.781368284,9.904327398788311,20016.803980435943,98511,5774785,5873296,70734,4912576,3701510,33381501,7.312170699999115,107.45053299999927,80.9768355999986,100.57147239999904,98.78337979999924,395.09454259999984
4,4-gram,add_k:0.001,add_k,0.001,False,katz,katz,,746898,734379,14993,0.02041588879856314,0,0.0,1.0,7195140.680612681,9.633364503068266,15265.71133350583,790563,777711,15313,0.019689833369979336,0,0.0,1.0,7551330.715173295,9.55183927805032,14070.55054091302,98511,5774785,5873296,70734,4912576,3701510,33381501,7.312170699999115,107.45053299999927,80.9768355999986,100.57147239999904,98.78337979999924,395.09454259999984
4,4-gram,add_k:0.0001,add_k,0.0001,False,katz,katz,,746898,734379,14993,0.02041588879856314,0,0.0,1.0,7113541.09941447,9.52411319807319,13685.78795843301,790563,777711,15313,0.019689833369979336,0,0.0,1.0,7450189.020733809,9.423902991581707,12380.810239860753,98511,5774785,5873296,70734,4912576,3701510,33381501,7.312170699999115,107.45053299999927,80.9768355999986,100.57147239999904,98.78337979999924,395.09454259999984
4,4-gram,good_turing,good_turing,,False,katz,katz,,746898,734379,14993,0.02041588879856314,0,0.0,1.0,7081412.130932265,9.48109665701644,13109.555319733252,790563,777711,15313,0.019689833369979336,0,0.0,1.0,7416835.898521473,9.38171391593266,11869.340382592793,98511,5774785,5873296,70734,4912576,3701510,33381501,7.312170699999115,107.45053299999927,80.9768355999986,100.57147239999904,98.78337979999924,395.09454259999984
4,4-gram,katz,katz,,True,katz,katz,,746898,734379,14993,0.02041588879856314,0,0.0,1.0,6152684.447751097,8.237650184832598,3780.6460429092576,790563,777711,15313,0.019689833369979336,0,0.0,1.0,6449228.156159492,8.157766245270134,3490.381233777794,98511,5774785,5873296,70734,4912576,3701510,33381501,7.312170699999115,107.45053299999927,80.9768355999986,100.57147239999904,98.78337979999924,395.09454259999984
4,4-gram,mle_baseline,mle,,False,katz,katz,,,,,,,,,,,,790563,777711,15313,0.019689833369979336,617263,0.7807891338198221,0.21921086618017793,,,,98511,5774785,5873296,70734,4912576,3701510,33381501,7.312170699999115,107.45053299999927,80.9768355999986,100.57147239999904,98.78337979999924,395.09454259999984
5,5-gram,add_k:1.0,add_k,1.0,False,katz,katz,,746898,734379,14993,0.02041588879856314,0,0.0,1.0,8160964.185251225,10.92647749123873,55629.97708986794,790563,777711,15313,0.019689833369979336,0,0.0,1.0,8632690.953323008,10.919674906772778,55252.83370111699,98511,5774785,5873296,70734,5323715,4850555,33516896,6.169148799999675,157.73882650000087,143.0386194999992,139.92873229999896,84.58724789999906,531.4626707999996
5,5-gram,add_k:0.1,add_k,0.1,False,katz,katz,,746898,734379,14993,0.02041588879856314,0,0.0,1.0,8009328.049798967,10.723456281579235,45408.57675879959,790563,777711,15313,0.019689833369979336,0,0.0,1.0,8457651.78972496,10.69826413546417,44278.92616287095,98511,5774785,5873296,70734,5323715,4850555,33516896,6.169148799999675,157.73882650000087,143.0386194999992,139.92873229999896,84.58724789999906,531.4626707999996
5,5-gram,add_k:0.01,add_k,0.01,False,katz,katz,,746898,734379,14993,0.02041588879856314,0,0.0,1.0,7847866.757738164,10.50728045561531,36580.860871794896,790563,777711,15313,0.019689833369979336,0,0.0,1.0,8268463.911345559,10.458956353061753,34855.155981397416,98511,5774785,5873296,70734,5323715,4850555,33516896,6.169148799999675,157.73882650000087,143.0386194999992,139.92873229999896,84.58724789999906,531.4626707999996
5,5-gram,add_k:0.001,add_k,0.001,False,katz,katz,,746898,734379,14993,0.02041588879856314,0,0.0,1.0,7706959.553832408,10.318623900227887,30291.544714485004,790563,777711,15313,0.019689833369979336,0,0.0,1.0,8100599.260967509,10.246620776544702,28187.130190872795,98511,5774785,5873296,70734,5323715,4850555,33516896,6.169148799999675,157.73882650000087,143.0386194999992,139.92873229999896,84.58724789999906,531.4626707999996
5,5-gram,add_k:0.0001,add_k,0.0001,False,katz,katz,,746898,734379,14993,0.02041588879856314,0,0.0,1.0,7626921.265906606,10.211462965366898,27213.35067125905,790563,777711,15313,0.019689833369979336,0,0.0,1.0,7999215.917156138,10.118378822631641,24794.541884582093,98511,5774785,5873296,70734,5323715,4850555,33516896,6.169148799999675,157.73882650000087,143.0386194999992,139.92873229999896,84.58724789999906,531.4626707999996
5,5-gram,good_turing,good_turing,,False,katz,katz,,746898,734379,14993,0.02041588879856314,0,0.0,1.0,7648974.930194254,10.240989974794756,28028.86006090535,790563,777711,15313,0.019689833369979336,0,0.0,1.0,8025553.082249274,10.151693264482747,25634.471418541507,98511,5774785,5873296,70734,5323715,4850555,33516896,6.169148799999675,157.73882650000087,143.0386194999992,139.92873229999896,84.58724789999906,531.4626707999996
5,5-gram,katz,katz,,True,katz,katz,,746898,734379,14993,0.02041588879856314,0,0.0,1.0,6142863.825241201,8.224501639100922,3731.2614249557764,790563,777711,15313,0.019689833369979336,0,0.0,1.0,6432502.407816184,8.136609489460275,3417.3117722302263,98511,5774785,5873296,70734,5323715,4850555,33516896,6.169148799999675,157.73882650000087,143.0386194999992,139.92873229999896,84.58724789999906,531.4626707999996
5,5-gram,mle_baseline,mle,,False,katz,katz,,,,,,,,,,,,790563,777711,15313,0.019689833369979336,690096,0.872917148917923,0.12708285108207695,,,,98511,5774785,5873296,70734,5323715,4850555,33516896,6.169148799999675,157.73882650000087,143.0386194999992,139.92873229999896,84.58724789999906,531.4626707999996
6,6-gram,add_k:1.0,add_k,1.0,False,katz,katz,,746898,734379,14993,0.02041588879856314,0,0.0,1.0,8203898.382677947,10.98396083893376,58921.47115397188,790563,777711,15313,0.019689833369979336,0,0.0,1.0,8678544.033190561,10.97767544546173,58552.28797002252,98511,5774785,5873296,70734,5477268,5244105,33044280,3.1703187999992224,180.33015479999813,188.94608240000161,206.46553570000106,85.0284845999995,663.9408130999982
6,6-gram,add_k:0.1,add_k,0.1,False,katz,katz,,746898,734379,14993,0.02041588879856314,0,0.0,1.0,8103217.402709881,10.849162004329749,51490.98404970273,790563,777711,15313,0.019689833369979336,0,0.0,1.0,8557766.936823925,10.824901920307331,50256.83920827533,98511,5774785,5873296,70734,5477268,5244105,33044280,3.1703187999992224,180.33015479999813,188.94608240000161,206.46553570000106,85.0284845999995,663.9408130999982
6,6-gram,add_k:0.01,add_k,0.01,False,katz,katz,,746898,734379,14993,0.02041588879856314,0,0.0,1.0,7998583.593505028,10.709070841674537,44760.03040318103,790563,777711,15313,0.019689833369979336,0,0.0,1.0,8428959.330180744,10.661970431427658,42700.693121032666,98511,5774785,5873296,70734,5477268,5244105,33044280,3.1703187999992224,180.33015479999813,188.94608240000161,206.46553570000106,85.0284845999995,663.9408130999982
6,6-gram,add_k:0.001,add_k,0.001,False,katz,katz,,746898,734379,14993,0.02041588879856314,0,0.0,1.0,7907678.564916116,10.587360743925029,39630.75526545472,790563,777711,15313,0.019689833369979336,0,0.0,1.0,8314032.481554413,10.516597009415332,36923.26094788485,98511,5774785,5873296,70734,5477268,5244105,33044280,3.1703187999992224,180.33015479999813,188.94608240000161,206.46553570000106,85.0284845999995,663.9408130999982
6,6-gram,add_k:0.0001,add_k,0.0001,False,katz,katz,,746898,734379,14993,0.02041588879856314,0,0.0,1.0,7850233.685162389,10.51044946587404,36696.96987330929,790563,777711,15313,0.019689833369979336,0,0.0,1.0,8235753.604904498,10.41758038879191,33442.418521533626,98511,5774785,5873296,70734,5477268,5244105,33044280,3.1703187999992224,180.33015479999813,188.94608240000161,206.46553570000106,85.0284845999995,663.9408130999982
6,6-gram,good_turing,good_turing,,False,katz,katz,,746898,734379,14993,0.02041588879856314,0,0.0,1.0,7882867.98913545,10.554142585915947,38335.91966472769,790563,777711,15313,0.019689833369979336,0,0.0,1.0,8275558.397246723,10.467930319590877,35169.35267125795,98511,5774785,5873296,70734,5477268,5244105,33044280,3.1703187999992224,180.33015479999813,188.94608240000161,206.46553570000106,85.0284845999995,663.9408130999982
6,6-gram,katz,katz,,True,katz,katz,,746898,734379,14993,0.02041588879856314,0,0.0,1.0,6171836.479938672,8.263292283469324,3878.8433537408964,790563,777711,15313,0.019689833369979336,0,0.0,1.0,6459908.716137565,8.171276313383709,3537.8564969035137,98511,5774785,5873296,70734,5477268,5244105,33044280,3.1703187999992224,180.33015479999813,188.94608240000161,206.46553570000106,85.0284845999995,663.9408130999982
6,6-gram,mle_baseline,mle,,False,katz,katz,,,,,,,,,,,,790563,777711,15313,0.019689833369979336,717533,0.90762279540024,0.09237720459975991,,,,98511,5774785,5873296,70734,5477268,5244105,33044280,3.1703187999992224,180.33015479999813,188.94608240000161,206.46553570000106,85.0284845999995,663.9408130999982
